Feature,Corr_Score,Abs_Correlation,RF_Score,Importance,MI_Score_Norm,MI_Score,Composite_Score
math_q1_average_score,0.8567470673626704,0.3752848530374242,0.9009244461022927,0.18962641796004454,1.0,0.7636183238463863,0.9192238378216544
math_q3_average_score,0.9600627102569189,0.4205406786329405,1.0,0.21047982300894738,0.7313136592385214,0.5584445106736871,0.8971254564984802
math_q2_average_score,1.0,0.43803459309486265,0.6385155300356501,0.13439463575036786,0.7514493425007702,0.5738204873759072,0.79665495751214
math_q9_average_score,0.8141281326294428,0.3566162853034184,0.44612852948863285,0.0939010539260094,0.8006835193496468,0.6114166069772029,0.6869800604892409
math_q7_average_score,0.8770062675351331,0.3841590835413963,0.1353561276380795,0.028489733788439466,0.7942800466300385,0.6065267978722595,0.6022141472677504
math_q8_average_score,0.8013874523423111,0.3510354265980929,0.15286855301163207,0.03217574598152221,0.7606735565921895,0.580864266279197,0.5716431873153776
math_q5_average_score,0.7608694460539002,0.3332871382005337,0.06575628588453333,0.013840371414702322,0.8611865183071543,0.6576178056288144,0.562604083415196
math_q12_average_score,0.9435480931777056,0.4133067050605298,0.3678887315872722,0.07743315511147521,0.2930776342395979,0.22379945181490601,0.5348381530015253
math_q11_average_score,0.9053498421348337,0.39657454970803,0.15565964001304572,0.032763213479582325,0.47825927625580394,0.3652075468984428,0.5130895861345611
math_q4_average_score,0.6843244546113725,0.29975778402055636,0.0873358096919308,0.018382425766300708,0.6515660826084608,0.4975477998766289,0.47440878230392136
math_q10_average_score,0.7947749868800263,0.34813893797996714,0.05788983811734614,0.01218464288095563,0.5452733332181888,0.4163807087502054,0.4659793860718538
ST290,0.70865042185986,0.31041339918588656,0.00026104169804477134,5.494401040241856e-05,0.549365190813384,0.4195053261884665,0.4194255514570962
IC183,0.5805331916637809,0.25429362038850617,8.100683378899141e-05,1.7050304038422132e-05,0.6113293011640393,0.4668222562730664,0.3973144998872031
math_q6_average_score,0.7649740111110394,0.33508507968516904,0.08564103384122629,0.01802570964520458,0.34034538382768215,0.2598939715273496,0.39698680959331595
IC172,0.5286039012407481,0.23154679478834803,5.555127902511234e-05,1.1692423377126296e-05,0.6280394396438814,0.4795824242102844,0.38556629738788484
Unnamed: 0,0.00921935821905626,0.004038397826080086,0.4750531785929584,0.09998910895008375,0.6722703959016239,0.5133579928899445,0.3855143109045462
ST255,0.4179345711615629,0.18306979981903113,0.0005247451424995118,0.00011044826471810212,0.7294787170188899,0.557043315171577,0.3826460111076508
IC176,0.5163338372513573,0.22617208230150732,6.374793519731954e-05,1.3417654117517664e-05,0.6295295109675704,0.4807202699768913,0.38197569871804166
ST256,0.5869463181325737,0.2571027916317297,0.0001796661112221878,3.781609129075194e-05,0.53907830962284,0.4116500752161363,0.37540143128887865
IC180,0.47112051955350476,0.20636708508125973,4.851658929529165e-05,1.0211763127870777e-05,0.6374094623840182,0.4867375452695102,0.369526166175606
ST289,0.5863243977387348,0.2568303689850771,0.0001128784532307757,2.3758636857537414e-05,0.5190269629903395,0.3963384995097634,0.368488079727435
ST268,0.5468920548605264,0.239557638717644,0.00010844951967301474,2.28264357061815e-05,0.5233974474741057,0.3996758815456536,0.3567993172847683
ST253,0.7221806792749291,0.3163401199871651,0.0001151824058785625,2.4243572403064575e-05,0.3431884284427082,0.26206497249089633,0.355161430041172
Year,0.0011170813309085903,0.000489320266238412,0.08416860168163685,0.017715792384861515,0.9563144389071789,0.7302592289083973,0.3472000406399081
ST331,0.43014597717857145,0.18841881808480762,8.242118533161619e-05,1.7347996500786224e-05,0.5754407097711811,0.4394170702684441,0.33522303604502807
math_q7_total_timing,0.3161983814604502,0.13850582936028247,0.0020716585270135067,0.0004360423201007795,0.6631526371354322,0.5063955052236695,0.3271408923742986
ST336,0.41660536215571464,0.18248756029301635,7.020135540785073e-05,1.4775968861232633e-05,0.5409568206007356,0.413084540620404,0.3192107947039527
math_q1_total_timing,0.2486059007366333,0.10889798457015298,0.001785350296482396,0.0003757802144125864,0.7036894343436517,0.537350146361911,0.3180268951255891
ST342,0.4227337886642334,0.18517202310498712,8.132075936855599e-05,1.7116379038846866e-05,0.5056185157167999,0.3860995634773605,0.30947787504680063
ST355,0.3523267690829683,0.15433131293168564,4.384806846844499e-05,9.229133690522507e-06,0.5722109313120858,0.4369507522551146,0.30819384948784084
ST003D03T,0.004287154155476564,0.0018779218260291262,0.001390296558161718,0.0002926293734918271,0.8901905929693827,0.6797658485071008,0.29862268122767366
ST348,0.3409979325447243,0.14936889062841774,6.21863782018919e-05,1.308897787750167e-05,0.5489624651815432,0.4191977975165102,0.2966741947014898
ST340,0.38308614900095256,0.16780498539791017,6.942704078086208e-05,1.4612991255590824e-05,0.5067115260463609,0.38693420619316665,0.29662236736269815
math_q8_total_timing,0.22073907410876945,0.09669135050737156,0.0016642038457132565,0.0003502813308965358,0.6333416162637752,0.48363126343350515,0.2852482980727526
IC177,0.2118849407641627,0.09281293381055908,4.715561854812414e-05,9.925306245886607e-06,0.6148524605337147,0.4695126053255816,0.27559485230547515
math_q4_total_timing,0.11953408752924936,0.05236006539184044,0.0018457143831859181,0.00038848563669804053,0.6919665881973345,0.5283983662369511,0.27111546336992326
ST351,0.23133399844469235,0.10133229387772841,3.0299345866544513e-05,6.377400955277171e-06,0.576609324998183,0.4403094462693087,0.26932454092958064
ST254,0.18098885604325282,0.07927937991161092,0.0002813841018134597,5.9225675947228626e-05,0.6191775245267468,0.47281530344246914,0.266815921557271
math_q6_total_timing,0.11878949802717949,0.052033909432278556,0.0017801277208880034,0.00037468096762582784,0.6796957457441534,0.51902812609067,0.2667551238307403
math_q3_total_timing,0.09191584918727017,0.040262321597714645,0.0013335765969211223,0.0002806909660888322,0.7059891307535515,0.5391062366797943,0.2664128521792476
ST275,0.27416223041832416,0.1200925410432706,5.239636034068178e-05,1.102837665081973e-05,0.5241859015734529,0.40027795954342693,0.2661335094507059
ST322,0.2567180182048152,0.11245137264446578,8.214237940343106e-05,1.7289313478367975e-05,0.5270752676467306,0.4024843324212819,0.26129180941031643
ST345,0.3129015574866011,0.13706170641239207,5.4528166686404504e-05,1.14770788731568e-05,0.4695933215637499,0.3585900651019678,0.2608498024056791
ST354,0.20715229537132973,0.09073987141164722,3.441616281762549e-05,7.243907858500928e-06,0.5703403475854409,0.4355223402451598,0.2591756863731961
ST230,0.36089626372537087,0.15808504803039908,3.3761271487524414e-05,7.10606644725116e-06,0.41319957801966567,0.3155267691814112,0.25804320100550804
math_q2_total_timing,0.057956738417680884,0.02538705632989424,0.002606905649059575,0.0005487010396150844,0.7071364817101708,0.5399823748941515,0.2559000419256371
ST311,0.28940257880745723,0.12676834084852845,4.498764719122317e-05,9.468992018397622e-06,0.4651712373782195,0.3552132805883055,0.2515396012776227
IC171,0.20461118237366496,0.08962677601370707,0.0003060443672771321,6.441616425737605e-05,0.5427133023071424,0.41442582223691726,0.2492101763493615
ST283,0.172693420773246,0.07564569229856871,6.809267071756035e-05,1.4332133280838635e-05,0.5575151379903878,0.42572877519120667,0.2434255504781171
math_q5_total_timing,0.028662176585307172,0.012555024857758126,0.0016997774007199303,0.00035776884645813954,0.6928753614986654,0.5290923221820698,0.24107910516156417
math_q10_total_timing,0.20722465487425248,0.09077156737706653,0.002401714841487648,0.0005055125147542822,0.508884420407274,0.3885934681429424,0.23950359670767138
math_q9_total_timing,0.12476420091764474,0.054651035981766204,0.0018362959662027497,0.00038650324995839877,0.5878186797618268,0.4488691149653219,0.23813972554855808
reading_q3_average_score,0.3695713367816427,0.16188503012667133,0.0007039358541496448,0.00014816429399106944,0.3419796620443965,0.2611419363198957,0.23741831156006296
IC170,0.17850703227657097,0.07819225524783928,0.00033888298475550217,7.132803065208191e-05,0.5292366526218253,0.4041348055931504,0.23602752262771723
ST250,0.19175156050747827,0.08399381678219818,0.001661472750058237,0.0003497064903664468,0.5091214356689017,0.38877445733975247,0.2341781563088127
ST343,0.22053701503028258,0.09660284164114544,6.051899112548331e-05,1.2738026540771785e-05,0.47341805395093894,0.36151070083663406,0.2313385293241157
reading_q5_average_score,0.3638074056712488,0.15936022890810309,0.0008324594756713689,0.00017521592310143085,0.32789688396704053,0.2503880689293645,0.23084558303798688
science_q5_average_score,0.33731256179019575,0.14775457074955411,0.0014501363254624143,0.0003052244371221743,0.3476744519845914,0.2654905822686846,0.22881238336674983
IC182,0.4600529099771411,0.2015190892239445,3.9033833815282225e-05,8.215834432801267e-06,0.21542748230287767,0.1645043729465705,0.22517314203794467
reading_q6_average_score,0.3783310433158931,0.1657220846140321,0.00042585003942243534,8.963284092598745e-05,0.29619974000558796,0.22618354898680249,0.2249855444536345
reading_q4_average_score,0.3590506537001192,0.15727660699397614,0.0005316431716244586,0.00011190016066743149,0.3106139491718092,0.23719050322988355,0.22339874868118428
ST226,0.14581067755581736,0.06387012081204868,3.256258133837881e-05,6.8537663568164236e-06,0.5199835099900971,0.3970689363263986,0.22194225004241763
ST338,0.05414593400479056,0.023717792169529718,5.4736039178610096e-05,1.1520831838524662e-05,0.602112182359065,0.4597838954605189,0.2187709508010114
ST251,0.2905479942914593,0.12727007245398783,0.0008283252197282348,0.0001743457456422463,0.3574439260877947,0.27295073170823336,0.21627341519966073
IC014,0.1921118409966843,0.08415163209968755,0.0003760760254773873,7.915641528038887e-05,0.4436328720402977,0.3387661901505705,0.2120402630208198
science_q4_average_score,0.3115157493488807,0.13645467450867818,0.0014252151276613223,0.00029997902781982947,0.31420450918585724,0.23993232064948078,0.20904849122079974
science_q6_average_score,0.3488886079299774,0.1528252794100407,0.0028489675675969807,0.0005996501893860438,0.2737479973780231,0.20903898691411094,0.2084951909585325
ST330,0.11736683443547415,0.05141073356477503,5.8339855295309266e-05,1.2279362416924296e-05,0.5007585679282535,0.38238841829308967,0.206061247406341
ST352,0.029336301972228716,0.012850315097313223,5.048027635277292e-05,1.0625079632174396e-05,0.5735586139452373,0.4379798674085187,0.20098179873127295
ST301,0.11433295476417142,0.050081789317457166,5.942848370763986e-05,1.2508496732474151e-05,0.4838072103290818,0.3694440510162895,0.19939986452565361
reading_q1_average_score,0.31721828874787505,0.1389525840339241,0.0004709442689871534,9.912426638349416e-05,0.27734947784955166,0.2117891433951451,0.1983462369554713
OCOD1,0.3067986153776422,0.13438840664901278,0.000793445604337361,0.00016700429036815503,0.2872895390904096,0.21937955629881944,0.19829386669079638
ST296,0.08679594465013381,0.038019626297105584,0.0004744882836469128,9.987020996182143e-05,0.5011801283030475,0.3827103295198899,0.19615018707894272
science_q7_average_score,0.2940310830328835,0.1287957858135509,0.0026145069966860748,0.0005503009699181396,0.2853598984958553,0.21790604738237995,0.19400182950847497
reading_q7_average_score,0.36748567658613623,0.16097143881159848,0.00041947727299182134,8.829150217559446e-05,0.21068271680434542,0.16088118306953714,0.19286262355449116
ST059,0.21178159863515272,0.09276766638312864,0.0013404438437013499,0.00028213638297569326,0.35671336046369295,0.272392858410897,0.18994513431418233
ST095,0.21207478363858917,0.09289609155681045,0.0018249035149201856,0.0003841053688288066,0.34553974650406666,0.2638604820477406,0.186479811219192
ST177,0.17181318260851539,0.07526011753225437,0.0006227326215600415,0.00013107265196785534,0.3822207308694784,0.2918707538458918,0.18488554869985127
ST305,0.10287638310479164,0.04506341461237861,4.9948052485292734e-05,1.0513057246746029e-05,0.45085714410185923,0.3442827766732304,0.1845944917530454
ST011,0.2426562514000779,0.10629183234395782,0.0008457399092681192,0.00017801118641435696,0.3090894309029725,0.23602635314476128,0.1841971407374395
IC001,0.1757976274771155,0.07700544221898054,0.0012943772960630968,0.0002724403041821605,0.3707879290920208,0.28314045691572165,0.18262664462173314
science_q2_average_score,0.3011819817585344,0.13192812682710395,0.0012508407972756377,0.00026327674962294684,0.24415777929872137,0.18644335418214553,0.18219686728484383
ST347,0.04694714364317869,0.020564472962705842,3.431731409479773e-05,7.22310219681548e-06,0.4927035076201844,0.3762374266421604,0.17989498952581928
reading_q2_average_score,0.2863064203069448,0.12541211631959928,0.000537060122119937,0.00011304031944896801,0.2517732535825487,0.19225866989005702,0.17953891133720448
science_q8_average_score,0.3023369704343628,0.13243405182174964,0.0013641883109741502,0.000287134114244714,0.22111636978248095,0.16884851166829584,0.17493917617593926
math_q11_total_timing,0.12987684802044158,0.05689055227507745,0.002224550723300817,0.0004682230425147818,0.3902335134023921,0.29798946141302096,0.17411163738204483
science_q3_average_score,0.23540312347665676,0.10311471140535705,0.0011030688612827186,0.00023217373868946774,0.27847681332973984,0.21264999742493895,0.17166100188922642
science_q1_average_score,0.2744083629756752,0.12020035561787726,0.0009981051353641802,0.00021008099223577412,0.2318888815175033,0.17707459902300915,0.16909844987618092
ST327,0.16828699710451997,0.07371552629983473,0.000410846221271856,8.647483993719509e-05,0.3353574641560143,0.25608510466819023,0.16801843582726872
OCOD2,0.2316375426955487,0.10146525676013855,0.000604924597510152,0.00012732442221769551,0.2710807327602572,0.20700221477743774,0.16777440001777202
ST007,0.2576367273917373,0.11285379904933171,0.00019960428444720725,4.2012674462275774e-05,0.24477111492281814,0.18691170850337357,0.1675358155330009
COBN_S,0.03779470342729141,0.016555387536914604,0.0006095984693778727,0.00012830817794117988,0.46160775538174414,0.35249214043910015,0.16667068575947117
ST036,0.11697699178383732,0.05123996899749427,0.0002654529746624157,5.5872495124143856e-05,0.38078565691453037,0.2907749050778188,0.16600936722434337
ST208,0.11380936247716618,0.04985243778307122,0.00039367360954340873,8.286035165999013e-05,0.3818058191098968,0.29155391962349597,0.16533628506553547
ST165,0.1336431472568499,0.05854032162857105,0.0005034315965102974,0.00010596219333059921,0.3604050916925089,0.2752119320239368,0.16485055684862301
ST163,0.23600920708404138,0.10338019699169924,0.0002292562739770937,4.825381997038943e-05,0.25449436991593166,0.19433656418354595,0.16357761109131672
ST164,0.12309404456324476,0.05391944972266181,0.0008147721195267793,0.00017149309151062142,0.35291095282146706,0.2694892702605598,0.15893992316807953
IC175,0.28603690580878416,0.12529405964606433,3.394413131141198e-05,7.144554750618462e-06,0.18945999686129808,0.14467512523916604,0.15851028226713124
ST349,0.0775819900165385,0.03398359542838414,0.0003421167986778735,7.20086832341065e-05,0.39717982458366097,0.30329379191417694,0.1583679771329591
ST267,0.04049998369258266,0.01774039387712902,5.8374256403408034e-05,1.2286603156068236e-05,0.42173583930316294,0.3220452147146302,0.15409806575071633
science_q9_average_score,0.2705277128837622,0.1185004966339226,0.0005218857121198462,0.00010984641231788368,0.1765964393376815,0.13485227700428037,0.14921534597785452
ST183,0.08715178448171179,0.03817549645293779,0.00039359227789437684,8.284323298889687e-05,0.35568948296423364,0.27161100679093586,0.14774495324127992
ST152,0.08058330683190741,0.03529827601835303,0.00036095433566261486,7.597360468457936e-05,0.3573276275680604,0.27286192402752807,0.1460906295785435
ST300,0.15499687638293794,0.06789399367737495,0.0004907919120234727,0.00010330179477692341,0.2791083308869052,0.2131322358034211,0.1448653330606222
IC184,0.24953865534579353,0.10930656335583384,4.168146241188423e-05,8.773106831207486e-06,0.18288290226289752,0.1396527352861563,0.144154413023701
ST212,0.08846124268623397,0.03874908444473039,0.0005457853569981566,0.00011487680534184717,0.33800796368311364,0.25810907467442945,0.1423383305754486
ST150,0.07054960872993202,0.03090316915301754,0.0006485196713120094,0.00013650030563557247,0.35458964736478366,0.2707711521739773,0.1419292585886759
ST125,0.10506122651034425,0.04602045160450584,0.0003050098828067789,6.41984261491506e-05,0.3164997151585346,0.24168498198721888,0.14062198385056188
ST273,0.06583685880257087,0.028838821656228055,0.00045599596086703,9.597794913608737e-05,0.3481488894176044,0.26585287138605196,0.13814724806034742
ST258,0.3695938354507164,0.16189488532202417,1.3527551175300235e-05,2.8472765771216715e-06,0.040788532155458315,0.031146870556705508,0.13679863171911666
ISCEDP,0.2139841004479618,0.09373243836849315,1.3108885047984614e-05,2.759155804744438e-06,0.19537356901348407,0.14919083729396299,0.13645692611549795
ST167,0.05475211908187442,0.023983322203110325,0.0004406066289730204,9.273880528281028e-05,0.35204493706731466,0.26882796476194937,0.1357458875927207
science_q10_average_score,0.2981438141962815,0.1305973043352185,0.0001902453946716263,4.0042816998751245e-05,0.10771238902622005,0.08225115396569205,0.1353488162057244
ST100,0.06407198803454651,0.02806574720749149,0.0004615757328239475,9.715237855000965e-05,0.32690380723060636,0.24962973733643778,0.13047912366599226
ST102,0.05149422819723016,0.022556253295107714,0.0005163110758920829,0.0001086730638713248,0.33637081551177556,0.2568589183319441,0.12946045159496591
ST188,0.12458784871673578,0.054573787617199665,0.000332708003496086,7.002832168951643e-05,0.2622289647152157,0.20024284249980617,0.12904984047848253
IC173,0.18143390774555637,0.07947432795293563,0.00028964229275507116,6.09638585149931e-05,0.20265548081686044,0.15475143857965445,0.12812634361839062
ST161,0.0987875321415657,0.0432723564444764,0.0002505609447732489,5.273802330882806e-05,0.28106789797770354,0.2146285971407611,0.1267019970213475
ST005,0.27060860431496864,0.11853592987907598,0.00027056356017572685,5.694817025845767e-05,0.108828696903827,0.08310358711608679,0.12656928825965713
ST307,0.10100167413715949,0.04424222723257057,0.000233972340183073,4.924645675072243e-05,0.2738280177092192,0.20910009190529255,0.1250212213955206
ST158,0.03655447994520549,0.016012126748592405,0.0002449982438446695,5.156718700192897e-05,0.33325829589066613,0.2544821413159335,0.12335259135990544
ST097,0.03539092749267286,0.015502450523502746,0.000639338056763199,0.00013456776103040247,0.32109988653682975,0.24519775714451875,0.11904338402875526
ST153,0.023677202520222013,0.010371433771570106,0.0003924958939037008,8.261246628058954e-05,0.3307286501143992,0.2525504574483355,0.11826611617617498
ST062,0.14254821967323775,0.062441051400963794,0.00014905663998027356,3.137341520135637e-05,0.21066870787538491,0.16087048559468542,0.11778866139620098
ST113,0.10228521944579005,0.04480446447955538,0.000583548386666549,0.00012282516114273202,0.24607228328246525,0.18790530450520926,0.11631368370497396
ST263,0.10251659771525186,0.044905816165670076,0.00018615062221781124,3.9180950017410335e-05,0.2460361061268634,0.18787767896628704,0.11624628482144435
MISSSC,0.3138070590692681,0.13745834742970237,8.874795328245636e-06,1.8679653499297744e-06,0.033276218416532465,0.02541033013117877,0.1156973840937096
ST175,0.049313683469464374,0.02160109927255568,0.0002574231533163585,5.418237974843226e-05,0.29747066640026937,0.2271540516700412,0.11568059100768337
ST213,0.07724099688836283,0.033834228642235564,0.000312454577282651,6.576538412478785e-05,0.26480652441124725,0.20221111431450378,0.11411999195896423
FL164,0.26369164203217044,0.11550606112007797,2.6139171484353852e-05,5.501768187627323e-06,0.07411863575181658,0.05659834839858302,0.11261213898515714
FL160,0.2555500775957395,0.11193977425501032,1.7878569230052533e-05,3.7630780871946696e-06,0.0798330321138506,0.06096196617035332,0.11180032942627338
ST098,0.002084356139757563,0.0009130200935434828,0.0007591390943564053,0.0001597834622193088,0.33235063174007434,0.25378903233864314,0.11173137565806278
math_q12_total_timing,0.0768924062635378,0.03368153388973365,0.0024399977548862166,0.0005135702955906798,0.2534793876338857,0.19356150511459624,0.11093726388410324
ST146,0.011454575393155638,0.005017500271415357,0.0006806472550675083,0.000143262513778135,0.3198898550980608,0.24427375496544457,0.11067502591542798
ST034,0.06009054820496291,0.026321738831808158,0.0003531590993805964,7.433286473162718e-05,0.270170974363649,0.20630750659551467,0.11020489388933084
ST270,0.050840841712340365,0.02227004741206533,0.00036949000946603076,7.777019179598444e-05,0.27053858494914407,0.20658822077463856,0.10724963889031681
reading_q5_total_timing,0.1372743937980533,0.06013093322967422,0.0004946721890778543,0.00010411851480455533,0.18344420530440703,0.14008135657388365,0.10707109043051273
ST266,0.20923566224850337,0.09165245817395729,1.7823380294960143e-05,3.7514619299043714e-06,0.11171786313213147,0.08530980738865823,0.10699044958697661
ST008,0.10873558978140672,0.0476299498248284,0.00019194403776341475,4.040034709606625e-05,0.21179791265056824,0.16173276705239026,0.10690848215657946
ST104,0.015005717441865286,0.006573023333743944,0.00031668224019365976,6.665522186603847e-05,0.30399178245895,0.23213369538437867,0.10643806071366964
ST006.1,0.10484808374078808,0.04592708769817219,0.0002471558971057384,5.202132947843343e-05,0.21122383961851482,0.16129439436588822,0.10543969308546954
OECD,0.26481639784301064,0.11599874307401044,0.00021334748131949906,4.490534010753287e-05,0.05021975354859245,0.03834872402875478,0.1050831662909742
ST211,0.07851435568693325,0.034392003845431125,0.00021788358612301578,4.58600986437271e-05,0.23497823919638744,0.1794336891555206,0.10457015948981457
ST160,0.02780101360866912,0.012177805683698117,0.00029143281393671116,6.134072709639846e-05,0.2807792526305211,0.2144081822645596,0.10295723301770898
ST006,0.10511918662543884,0.04604584013993703,0.00014541663803200445,3.060726823553246e-05,0.20252459084332647,0.15465148859745614,0.1025963980355991
ST168,0.031147750504002925,0.013643792217841224,0.00024162151189117335,5.085645305800844e-05,0.2719525465700839,0.20766794777760378,0.10111397286199265
FL169,0.2183937839429114,0.09566403228388054,2.076640201707474e-05,4.3709086210865394e-06,0.07890056138089468,0.06024991443221772,0.09910503724194104
science_q2_total_timing,0.11470853017997816,0.0502463043418965,0.0011684623297121945,0.000245937744350445,0.17582765710822396,0.13426522080681913,0.09723488320597144
science_q3_total_timing,0.10045101812090662,0.044001020848556005,0.0014868587622138907,0.0003129537691100823,0.18805236383379698,0.14360023086611484,0.09666341357230583
FL162,0.21694787635901597,0.09503067474371613,1.8528290982684226e-05,3.8998314066936515e-06,0.06437825700790782,0.04916041670853044,0.09378155388596882
ST223,0.16801421432328484,0.07359603800525312,0.00029879542367301185,6.289040789057898e-05,0.10993174404822023,0.08394589412761189,0.09274825126505937
reading_q6_total_timing,0.11252977838924995,0.04929193568779017,0.0005593172297583847,0.00011772499152539957,0.1642460772277805,0.12542131419102187,0.09244505761559628
GRADE,0.2268189046170524,0.09935452659015301,5.31271548177658e-05,1.1182194143012292e-05,0.049636593450374716,0.037903412292019656,0.09216954174074828
Option_ICTQ,0.18230568278906953,0.07985619557939118,6.19105166164523e-05,1.3030914579823376e-05,0.09399373360373016,0.07177533730654417,0.0921204423031387
ST008.1,0.11323006317708872,0.04959868464988165,0.0004967082290593703,0.00010454706013950396,0.1609880349188318,0.12293341338404185,0.09157160210832664
science_q5_total_timing,0.10078769799585517,0.04414849828058232,0.0008761693085424531,0.00018441596098788733,0.17272393588045368,0.13189516240518273,0.09146260106161709
CNTSTUID,0.05327341832363963,0.023335600118167887,0.0004550294827991764,9.577452500342352e-05,0.22029909026435862,0.16822442205255328,0.09134251269026582
OCOD3,0.05014033133174865,0.021963199632544114,0.000632134647196839,0.00013305158865981406,0.221017734970088,0.16877319231818344,0.09059673364967784
CNTSCHID,0.05318747777759,0.023297955186048686,0.00047643916843077144,0.00010028083184583884,0.21802899021043531,0.1664909320544128,0.09056430238548537
science_q6_total_timing,0.09106848801240743,0.039891148090279265,0.0013926466169429633,0.00029312401344816426,0.17884102487429057,0.13656628364947565,0.09043405316788032
reading_q8_average_score,0.19160294157565838,0.08392871654887225,0.0003153490076812789,6.637460332280277e-05,0.07729085960533424,0.059020716660471706,0.08973638339622464
SUBNATIO,0.050906525211026336,0.02229881905668529,0.00039614867074562807,8.338130210376957e-05,0.20644046770454874,0.15764172392261155,0.08591438052877358
science_q4_total_timing,0.08339029141054102,0.03652783236607836,0.0010545019743160953,0.0002219513889166373,0.17255790701576781,0.1317683797218212,0.08566756680020832
CNTRYID,0.05318564562631151,0.023297152640408925,0.0002011424033821963,4.2336417463478976e-05,0.20360599407818972,0.1554772679230645,0.08566426070262782
IC174,0.14651287914269243,0.06417770939842607,0.0001388503174635056,2.9225190244454815e-05,0.10304136131265056,0.07868427161241609,0.08323103025760216
PA195,0.2067955073671811,0.09058358592342884,1.5998998952269196e-05,3.3674664677939553e-06,0.04043545830133243,0.03087725689202392,0.08241565488915527
science_q8_total_timing,0.09613621184476759,0.042110986437104286,0.0012350591021564122,0.0002599550212274711,0.1492490409251793,0.11396930246696613,0.08220677062403443
WB160,0.18418633383881897,0.0806799857967216,5.3792736231147705e-06,1.132228560109896e-06,0.060251118380147115,0.046008858027318134,0.08148094383086307
MATHEASE,0.2102172001116606,0.09208240571245256,6.449894965410826e-06,1.3575727507459715e-06,0.03234584925613533,0.02469988319235794,0.08085649975425378
reading_q3_total_timing,0.07321679149851645,0.032071487471764054,0.0005433250705840312,0.00011435896469285074,0.16622211568522452,0.12693025336575126,0.07999407741810834
ADMINMODE,0.15824428377443958,0.06931647045272461,0.00014429546190496308,3.0371283282750936e-05,0.07548150116802617,0.05763905740333719,0.07795669346812358
science_q7_total_timing,0.0482739068561115,0.0211456411468161,0.00101445256627907,0.0002135217966013911,0.18420327061874253,0.14066099275690647,0.07783054334704437
ST127,0.19229129304372655,0.08423023830409375,2.1205804566477224e-05,4.4633939919144545e-06,0.0373962305695252,0.028556446905673827,0.07656957647260608
reading_q1_total_timing,0.06554158689467687,0.028709482346201368,0.0004916309897206505,0.00010347840370211616,0.15279002572345987,0.11667326334339467,0.07294108120261912
ST038,0.11512385175781285,0.05042822956024684,0.00024933249511475253,5.2479459442132346e-05,0.09685262237406433,0.07395843715741002,0.07074193554233064
science_q1_total_timing,0.030330117453563187,0.013285640657290942,0.001084833645313829,0.0002283355936598059,0.17931085971376332,0.13692505814207845,0.07024193693754678
FL167,0.14083236915544753,0.06168944951759194,1.845894125140479e-05,3.8852346875282375e-06,0.0689924352028407,0.05268388772767363,0.06994775443317987
ST353,0.007925260226014518,0.0034715381382731682,0.00010487939411884716,2.2074996311420588e-05,0.2012785394333965,0.153699980908379,0.06976955968450994
NatCen,0.006237184947193904,0.002732102770401484,0.0005478651047380814,0.00011531455027804979,0.20148207829318787,0.15385540691133048,0.06942237611503994
EFFORT2,0.14238516350531774,0.06236962715879735,0.00011218015729112824,2.361165965175255e-05,0.06315743131270708,0.04822817183745265,0.06855159165843866
science_q10_total_timing,0.1357523622536597,0.05946423076144821,0.00018698726889500438,3.9357047261946977e-05,0.05786798663036838,0.04418905495504699,0.06460244538430769
reading_q2_total_timing,0.03423498819304407,0.014996109122747485,0.0004197064874601036,8.83397471963096e-05,0.1580782387666109,0.12071143972354825,0.06424431114903835
WB153,0.14132672239998476,0.06190599333990793,1.107720514064806e-05,2.3315281774374058e-06,0.04396648956128434,0.03357361706419759,0.061768096388803255
reading_q4_total_timing,0.016097640132239875,0.007051323245113225,0.0007611108837417916,0.00016019848410015584,0.16797767815626616,0.1282708330372957,0.06161214305741594
Option_WBQ,0.09931647430967047,0.04350405141185289,2.0699019609112573e-06,4.356725983784746e-07,0.08498729789002991,0.06489785796301817,0.06143528070055376
WB168,0.12776193610110229,0.05596414769305818,1.2219902760945453e-05,2.5720429703103464e-06,0.04994317871749414,0.03813752641981338,0.05923911157378579
EFFORT1,0.027169268177098874,0.011901079330640706,0.0001784285317726188,3.755560578724715e-05,0.14794949525746184,0.11297694558242188,0.05843239732211111
WB166,0.12320439574868713,0.05396778735927459,6.619945268506214e-06,1.3933649084441066e-06,0.04704081580873129,0.035921228920229975,0.05675061050089564
FL166,0.1033191270769975,0.045257351788089005,2.261220862757165e-05,4.759413669772674e-06,0.06405272652638264,0.048911835667867276,0.05579815527066923
LANGTEST_COG,0.031202850090651862,0.013667927742858686,0.0005035317420735136,0.0001059832719510201,0.11459006201082145,0.08750307108215694,0.04876548128118227
Option_UH,0.10871781588749614,0.047622164244441566,6.100225279762602e-05,1.2839743371991391e-05,0.037395650978846076,0.028556004319610917,0.04872482303971328
LANGTEST_QQQ,0.035697003240640506,0.015636522289219957,0.0005396367950158892,0.00011358265710405996,0.10976550872257053,0.0838189537868752,0.048667382919408975
FL170,0.06543404670839578,0.02866237602446238,2.2259096488057688e-05,4.685090689145464e-06,0.07879876946411897,0.06017218425934834,0.04808502508966761
science_q9_total_timing,0.06307720921645031,0.027629999672687332,0.0005245542523960806,0.00011040808620291776,0.0800897542924684,0.06115800393008364,0.04789717258710493
ST297,0.10508876912117955,0.04603251622083585,5.788980320386923e-05,1.218463553237319e-05,0.037329564417951815,0.028505539410752068,0.047492074447445076
Option_FL,0.06999507494218878,0.030660264170946076,0.00015430123491765507,3.247729661553005e-05,0.06607075008703518,0.05045283543673529,0.045406708754713865
PA166,0.1147449547751488,0.05026225957462072,1.1462846540260493e-05,2.4126979109727534e-06,0.012002030137320117,0.009164970136214201,0.04225281591966973
EC012,0.11226588156742875,0.049176339750824694,5.663852624286984e-06,1.1921266979086865e-06,0.01375864706408154,0.01050635500946795,0.042010064161378195
WB165,0.06108198177209548,0.02675602103096766,1.988592966475103e-05,4.185586956205173e-06,0.06050154295110377,0.04620008681844201,0.040534470217621334
Option_TQ,0.052924737872039676,0.023182866018431166,0.00011554712966910972,2.4320339401946107e-05,0.06582654098498322,0.05026635289155834,0.03962227532889734
PA032,0.08846292621880206,0.038749821890233814,8.44210989688376e-05,1.776893796918177e-05,0.02724846911051451,0.020807430309551123,0.03859860547609514
EC163,0.025669239274286687,0.011244014780566837,6.725815303378196e-05,1.4156484146459126e-05,0.08744537784570494,0.06677489285865112,0.037727291757675134
ST350,0.02555352519461324,0.01119332801076173,7.914888528186466e-06,1.6659243365482353e-06,0.08690452696723718,0.06636188921738473,0.037488655683459535
FL150,0.04759589065286081,0.02084864659511346,5.011200320643137e-06,1.0547565565513477e-06,0.06437048147082577,0.04915447916593685,0.03732379444133574
Option_PQ,0.06103683089980963,0.02673624338699805,0.00012646248891407755,2.6617802283906016e-05,0.047842511323212183,0.036533418305233045,0.03633526823731196
EC153,0.042252720354110304,0.018508153167463726,0.00010199456574172793,2.1467798145193342e-05,0.06581057253897137,0.05025415909358033,0.0360550958196078
PA182,0.08686940702109101,0.038051805356875607,6.35426183520921e-06,1.3374439064273437e-06,0.020415333180812376,0.01558952250429746,0.03576369815457953
PA041,0.08333570557150626,0.03650392188028802,1.5770425411652445e-05,3.319356349420413e-06,0.021676308850288165,0.016552426631433637,0.03500926161573536
PA002,0.07148271431486583,0.03131190167822857,8.480364100634789e-05,1.7849455349530415e-05,0.028120318981929782,0.02147319084700694,0.03322927897926732
reading_q7_total_timing,0.00016991327400333694,7.44278918394676e-05,0.00043251679735974266,9.10360589566754e-05,0.09812493423542999,0.07492999780839593,0.03290912143559769
PA033,0.07197277719647338,0.031526566173164426,6.16918613547608e-05,1.2984892059042572e-05,0.02660260873223018,0.020314239490046848,0.032879025930019436
PA167,0.06106150618062787,0.026747052013590768,3.4810552292223734e-06,7.326918885310959e-07,0.031245341157427185,0.023859515042643054,0.030770109464428094
reading_q8_total_timing,0.06136778576457929,0.026881213066520193,0.00028475965148255046,5.9936161044136756e-05,0.029654019566113802,0.022644352716383764,0.030435521660725214
PA042,0.08024556299186969,0.03515033253281181,4.49003754410874e-06,9.450623075875363e-07,0.00967685311603228,0.0073894223565722505,0.029975635381815358
PA197,0.05810494254027355,0.0254519748624291,5.193337709666753e-06,1.0930928019563504e-06,0.030534941393712996,0.023317040765814756,0.029548359090565402
Option_CT,0.012519717143351927,0.005484069204550937,6.094266276487977e-06,1.2827200872445862e-06,0.07543923846604145,0.0576067848296864,0.029321683291889954
PA196,0.03896399369289053,0.0170675771226161,3.848277252548095e-06,8.099847150056813e-07,0.04436072802033337,0.03387466477549239,0.02777618999682548
PA159,0.055571245455740284,0.02434212789097993,6.6735891597847575e-06,1.4046558651859256e-06,0.02651302465810722,0.020245831449521745,0.02736364790100243
PA177,0.050251578645919205,0.02201192980453971,6.970361755438934e-06,1.4671205085931225e-06,0.03128093808965196,0.02388669751236261,0.027179829032442204
PA008.1,0.048845927435197466,0.021396205948417908,4.684126163877705e-05,9.85914045924559e-06,0.03250724880880683,0.024823130848238506,0.027133339168547693
PA018,0.05394071368478686,0.023627898570162103,1.823854879855982e-05,3.838846523060921e-06,0.027193096908775125,0.02076514708167121,0.027050683047453516
PA175,0.0688462129863233,0.030157022891586376,7.23198622682437e-07,1.5221871810251386e-07,0.0067499371537184105,0.0051543756953909,0.0251989577795548
PA009,0.059379698398155205,0.026010362025931582,8.41694787454908e-06,1.771597698910626e-06,0.016155406118052027,0.012336564140924544,0.025181173821360592
PA158,0.04773104859939624,0.020907850451227644,1.667820305014898e-05,3.5104252261026436e-06,0.026730948856289904,0.020412242360463573,0.024826225219578765
PA183,0.02403550069222822,0.010528380765551478,1.3311168328602149e-05,2.8017323538464863e-06,0.04893846701012198,0.037370310149881014,0.024329092956892933
EC031,0.045493287443662156,0.019927633653932176,3.750188997916318e-06,7.893391165315283e-07,0.026367479527477075,0.02013469052082595,0.023954839053379046
WB163,0.04844484592028858,0.021220518370236925,3.724943044224352e-05,7.840253526667514e-06,0.0206805993437217,0.01579208460699144,0.023054231564817507
IMMIG,0.050159367391804946,0.021971538085365002,9.063340143235347e-05,1.907650229218064e-05,0.015372232492455291,0.011738518409665666,0.021874077761897526
PA004,0.03605316004809272,0.01579253129145025,6.27058819213485e-06,1.3198322928425387e-06,0.02919210803186206,0.022291628604833136,0.021750512889382304
PA188,0.02306109191788383,0.010101556014573469,7.078663701541323e-06,1.489915883040278e-06,0.03778348491454674,0.028852161419521405,0.02028388516537737
PA162,0.037681072352931985,0.01650561319549464,1.1998185443266013e-05,2.5253759485271594e-06,0.022533241214060883,0.017206795886707482,0.020075437250812043
EC162,0.046274655458713385,0.020269899874462483,4.180408627774537e-05,8.798916680790612e-06,0.013814374937107203,0.01054890983445933,0.02004361149403278
ST260,0.04296968635039288,0.01882220907590822,6.070662145092847e-06,1.2777518938462593e-06,0.015381319375391845,0.011745457319982666,0.019452358795976607
ST001D01T,0.03465881527151498,0.015181760044608077,0.00023562022097903192,4.959330240899571e-05,0.020360126821776077,0.0155473659169445,0.01841818743809003
ST004D01T,0.04976565981862227,0.021799080548747563,0.00016807053502383815,3.537545646483654e-05,0.003974999604845901,0.0030353825355424746,0.01796957665283067
PA160,0.043125684400998204,0.018890541618528715,1.1881422095847729e-05,2.5007996198286268e-06,0.008041995611313581,0.006141015209091272,0.01705985381146921
PA006,0.010870992926868573,0.004761870963258005,6.581036923794552e-06,1.3851754869356249e-06,0.0381262593822201,0.02911391028398347,0.01633461111533749
PA003,0.03239080628292307,0.014188293650154728,7.199508946322704e-06,1.515351368773336e-06,0.016334812349073205,0.012473562026344531,0.01624427271364753
PA154,0.03402470772438877,0.014903999003224266,1.0806807902369939e-05,2.2746150145825188e-06,0.012104955227847628,0.009243565621324557,0.015380156586712926
PA007,0.022890806888596876,0.010026965281059612,2.6082104450797257e-05,5.489756728504685e-06,0.015143923290710206,0.011564177319710378,0.012686937427919293
PA008,0.012105703004416499,0.005302716689666837,1.0944991891800461e-05,2.3036999562205254e-06,0.025731538295047138,0.019649074142852996,0.012616062097118479
PA156,0.009865209732013469,0.0043213031307579985,9.899701914774926e-06,2.083687506863164e-06,0.02370514565898561,0.018101683594649032,0.011193418364304618
WB155,0.01006853209100843,0.004410365357547444,8.275380321671848e-05,1.7418005854372164e-05,0.022754596134297603,0.017375826559873797,0.010968627342840917
WB176,0.013519312119921629,0.005921926383372316,2.2837893899799483e-05,4.806915865926914e-06,0.018735478473175235,0.014306754668146127,0.010759209495665554
WB178,0.004400254731366028,0.001927463790767662,7.443940715270358e-05,1.566799324239202e-05,0.02593775284175969,0.01980654334936638,0.010137482326759475
PA186,0.01666871035891182,0.007301471759482062,3.321839787049935e-06,6.991802504423498e-07,0.012939521566808344,0.009880855770220354,0.009870517921835737
ST003D02T,0.02425953941452404,0.01062651747610982,0.0006930304129972257,0.00014586891866747378,0.0027210399250991156,0.002077835946723283,0.009224536584206794
WB164,0.007041802481106141,0.0030845530844657225,1.7748947679483326e-05,3.735795366172718e-06,0.019824912400573134,0.015138666377727095,0.008961487943119587
WB154,0.010222177701975439,0.004477667450228189,4.889772598664541e-05,1.0291984711209132e-05,0.011967360847373546,0.009138496031136256,0.0074128120917785435
AGE,0.017641759166899567,0.007727700798150415,0.0007351725530227569,0.00015473898884126586,0.0007784819874383029,0.0005944631103922404,0.0063851379024535415
WB177,0.0067652974004954935,0.0029634342939917754,0.00011134173033032951,2.3435187693437705e-05,0.00802572573872368,0.006128591236254977,0.004967454956516501
WB162,0.00024972693582565907,0.00010938903671921945,9.840242579228209e-05,2.071172516441061e-05,0.008358551242925385,0.006382742889906812,0.002902226868181109
ST021,0.004701637556067162,0.0020594798937514035,5.4282135141274635e-05,1.1425294197083248e-05,0.0,0.0,0.0015853065637361455
